﻿Especie;Altura
Quercus pyrenaica;0,8
Quercus pyrenaica;0,8
Quercus pyrenaica;0,8
Quercus pyrenaica;0,8
Quercus pyrenaica;0,8
Quercus pyrenaica;0,8
Quercus pyrenaica;0,8
Quercus pyrenaica;0,8
Quercus pyrenaica;0,8
Quercus pyrenaica;0,8
Quercus pyrenaica;0,8
Quercus pyrenaica;0,8
Quercus pyrenaica;0,8
Quercus pyrenaica;0,8
Quercus pyrenaica;0,8
Quercus pyrenaica;0,8
Quercus pyrenaica;0,8
Quercus pyrenaica;0,8
Quercus pyrenaica;0,8
Quercus pyrenaica;0,8
Quercus pyrenaica;0,8
Quercus pyrenaica;0,8
Quercus pyrenaica;0,8
Quercus pyrenaica;0,8
Quercus pyrenaica;0,8
Quercus pyrenaica;0,8
Quercus pyrenaica;0,8
Quercus pyrenaica;0,8
Quercus pyrenaica;0,8
Quercus pyrenaica;0,8
Quercus pyrenaica;0,8
Quercus pyrenaica;0,8
Quercus pyrenaica;0,8
Quercus pyrenaica;0,8
Quercus pyrenaica;0,8
Quercus pyrenaica;0,8
Quercus pyrenaica;0,8
Quercus pyrenaica;0,8
Quercus pyrenaica;0,8
Quercus pyrenaica;0,8
Quercus pyrenaica;0,8
Quercus pyrenaica;0,8
Quercus pyrenaica;0,8
Quercus pyrenaica;0,8
Quercus pyrenaica;0,8
Quercus pyrenaica;0,8
Quercus pyrenaica;0,8
Quercus pyrenaica;0,8
Quercus pyrenaica;0,8
Quercus pyrenaica;0,8
Quercus pyrenaica;0,8
Quercus pyrenaica;0,8
Quercus pyrenaica;0,8
Quercus pyrenaica;0,8
Quercus pyrenaica;0,8
Quercus pyrenaica;0,8
Quercus pyrenaica;0,8
Quercus pyrenaica;0,8
Quercus pyrenaica;0,8
Quercus pyrenaica;0,8
Quercus pyrenaica;0,8
Quercus pyrenaica;0,8
Quercus pyrenaica;0,8
Quercus pyrenaica;0,8
Quercus pyrenaica;0,8
Quercus pyrenaica;0,8
Quercus pyrenaica;0,8
Quercus pyrenaica;0,8
Quercus pyrenaica;0,8
Quercus pyrenaica;0,8
Quercus pyrenaica;0,8
Quercus pyrenaica;0,8
Quercus pyrenaica;0,8
Quercus pyrenaica;0,8
Quercus pyrenaica;2,5
Quercus pyrenaica;3,5
Quercus pyrenaica;3,5
Quercus pyrenaica;3,5
Quercus pyrenaica;2,5
Quercus pyrenaica;2,5
Quercus pyrenaica;2,5
Quercus pyrenaica;3,5
Quercus pyrenaica;3,5
Quercus pyrenaica;3,5
Quercus pyrenaica;3,5
Quercus pyrenaica;2,7
Quercus pyrenaica;2,5
Quercus pyrenaica;2,5
Quercus pyrenaica;2,5
Quercus pyrenaica;9,1
Quercus pyrenaica;12,39
Quercus pyrenaica;5,4
Quercus pyrenaica;10,89
Quercus pyrenaica;16,79
Quercus pyrenaica;18,39
Quercus pyrenaica;17,1
Quercus pyrenaica;20,29
Quercus pyrenaica;15,39
Quercus pyrenaica;8
Quercus pyrenaica;14,6
Quercus pyrenaica;10,39
Quercus pyrenaica;15
Quercus pyrenaica;17,1
Quercus pyrenaica;15,89
Quercus pyrenaica;15,89
Quercus pyrenaica;14,39
Quercus pyrenaica;9,89
Quercus pyrenaica;17,5
Quercus pyrenaica;19,7
Quercus pyrenaica;10,19
Quercus pyrenaica;17,5
Quercus pyrenaica;12,5
Quercus pyrenaica;13,3
Quercus pyrenaica;20,79
Quercus pyrenaica;18,89
Quercus pyrenaica;18,2
Quercus pyrenaica;14,89
Quercus pyrenaica;16,29
Quercus pyrenaica;15,89
Quercus pyrenaica;16,7
Quercus pyrenaica;14,8
Quercus pyrenaica;18,79
Quercus pyrenaica;16,39
Quercus pyrenaica;19,7
Quercus pyrenaica;12,1
Quercus pyrenaica;6,8
Quercus pyrenaica;6,19
Quercus pyrenaica;11,1
Quercus pyrenaica;7,69
Quercus pyrenaica;10,1
Quercus pyrenaica;10,19
Quercus pyrenaica;9,89
Quercus pyrenaica;8,3
Quercus pyrenaica;5,4
Quercus pyrenaica;3,2
Quercus pyrenaica;8,3
Quercus pyrenaica;9,3
Quercus pyrenaica;6,3
Quercus pyrenaica;5,09
Quercus pyrenaica;5,09
Quercus pyrenaica;4,69
Quercus pyrenaica;5,4
Quercus pyrenaica;10,3
Quercus pyrenaica;6,69
Quercus pyrenaica;6,09
Quercus pyrenaica;13,8
Quercus pyrenaica;15
Quercus pyrenaica;4,09
Quercus pyrenaica;6,8
Quercus pyrenaica;9,5
Quercus pyrenaica;6,8
Quercus pyrenaica;5,5
Quercus pyrenaica;10,1
Quercus pyrenaica;11,39
Quercus pyrenaica;9,6
Quercus pyrenaica;7,9
Quercus pyrenaica;7,4
Quercus pyrenaica;9,69
Quercus pyrenaica;10,6
Quercus pyrenaica;10,3
Quercus pyrenaica;9,39
Quercus pyrenaica;6,9
Quercus pyrenaica;8,19
Quercus pyrenaica;12
Quercus pyrenaica;13,5
Quercus pyrenaica;11
Quercus pyrenaica;9,5
Quercus pyrenaica;15,5
Quercus pyrenaica;16
Quercus pyrenaica;6,5
Quercus pyrenaica;13,8
Quercus pyrenaica;12,6
Quercus pyrenaica;13
Quercus pyrenaica;12,5
Quercus pyrenaica;5,3
Quercus pyrenaica;12,39
Quercus pyrenaica;12,5
Quercus pyrenaica;12,6
Quercus pyrenaica;14,5
Quercus pyrenaica;13,3
Quercus pyrenaica;11,6
Quercus pyrenaica;18
Quercus pyrenaica;12,89
Quercus pyrenaica;9
Quercus pyrenaica;9,1
Quercus pyrenaica;9,1
Quercus pyrenaica;9,1
Quercus pyrenaica;7,8
Quercus pyrenaica;12,19
Quercus pyrenaica;11,69
Quercus pyrenaica;9,19
Quercus pyrenaica;12,19
Quercus pyrenaica;10,6
Quercus pyrenaica;11,1
Quercus pyrenaica;5,5
Quercus pyrenaica;7,69
Quercus pyrenaica;8,19
Quercus pyrenaica;10,5
Quercus pyrenaica;11,6
Quercus pyrenaica;9,6
Quercus pyrenaica;10,69
Quercus pyrenaica;18,2
Quercus pyrenaica;12
Quercus pyrenaica;5,8
Quercus pyrenaica;13,3
Quercus pyrenaica;8,1
Quercus pyrenaica;9,3
Quercus pyrenaica;14
Quercus pyrenaica;7,4
Quercus pyrenaica;12,89
Quercus pyrenaica;9,69
Quercus pyrenaica;8,39
Quercus pyrenaica;12,19
Quercus pyrenaica;13,1
Quercus pyrenaica;12,3
Quercus pyrenaica;12,5
Quercus pyrenaica;10,19
Quercus pyrenaica;11,8
Quercus pyrenaica;12,3
Quercus pyrenaica;12
Quercus pyrenaica;9,1
Quercus pyrenaica;8,69
Quercus pyrenaica;9,39
Quercus pyrenaica;8,69
Quercus pyrenaica;8
Quercus pyrenaica;8,89
Quercus pyrenaica;9,19
Quercus pyrenaica;6,3
Quercus pyrenaica;7,59
Quercus pyrenaica;3,7
Quercus pyrenaica;9,19
Quercus pyrenaica;7,69
Quercus pyrenaica;9
Quercus pyrenaica;5,59
Quercus pyrenaica;8,19
Quercus pyrenaica;8,19
Quercus pyrenaica;5,3
Quercus pyrenaica;4,9
Quercus pyrenaica;5,3
Quercus pyrenaica;7,69
Quercus pyrenaica;5,69
Quercus pyrenaica;14
Quercus pyrenaica;5,09
Quercus pyrenaica;12
Quercus pyrenaica;13
Quercus pyrenaica;14,1
Quercus pyrenaica;12,19
Quercus pyrenaica;8,89
Quercus pyrenaica;10,6
Quercus pyrenaica;11
Quercus pyrenaica;9,3
Quercus pyrenaica;13
Quercus pyrenaica;10,19
Quercus pyrenaica;12
Quercus pyrenaica;9,5
Quercus pyrenaica;11
Quercus pyrenaica;13,8
Quercus pyrenaica;4,9
Quercus pyrenaica;5,19
Quercus pyrenaica;6,59
Quercus pyrenaica;11,3
Quercus pyrenaica;8,5
Quercus pyrenaica;7,19
Quercus pyrenaica;12,19
Quercus pyrenaica;11
Quercus pyrenaica;8,89
Quercus pyrenaica;10,6
Quercus pyrenaica;13,39
Quercus pyrenaica;4,59
Quercus pyrenaica;5,5
Quercus pyrenaica;5,69
Quercus pyrenaica;5
Quercus pyrenaica;6,19
Quercus pyrenaica;7,19
Quercus pyrenaica;9,69