Especie;diametro_cm
Carex nigra;0,43
Carex nigra;1,72
Carex nigra;0,74
Carex nigra;2,26
Carex nigra;1,70
Carex nigra;0,12
Carex nigra;3,30
Carex nigra;1,53
Carex nigra;0,56
Carex nigra;4,36
Carex nigra;0,15
Carex nigra;4,54
Carex nigra;2,44
Carex nigra;2,85
Carex nigra;2,44
Carex nigra;1,56
Carex nigra;4,41
Carex nigra;3,47
Carex nigra;0,63
Carex nigra;3,17
Carex nigra;0,68
Carex nigra;0,17
Carex nigra;0,84
Carex nigra;1,98
Carex nigra;1,29
Carex nigra;3,36
Carex nigra;2,90
Carex nigra;1,31
Carex nigra;3,36
Carex nigra;0,06
Carex nigra;2,84
Carex nigra;4,62
Carex nigra;0,30
Carex nigra;3,10
Carex nigra;2,55
Carex nigra;4,68
Carex nigra;2,42
Carex nigra;4,14
Carex nigra;0,31
Carex nigra;4,84
Carex nigra;0,33
Carex nigra;1,72
Carex nigra;4,94
Carex nigra;0,94
Carex nigra;3,72
Carex nigra;1,95
Carex nigra;3,74
Carex nigra;2,83
Carex nigra;0,11
Carex nigra;3,43
Carex nigra;0,26
Carex nigra;4,62
Carex nigra;3,01
Carex nigra;0,34
Carex nigra;1,61
Carex nigra;3,52
Carex nigra;3,89
Carex nigra;1,49
Carex nigra;2,02
Carex nigra;3,29
Carex nigra;1,26
Carex nigra;2,32
Carex nigra;1,41
Carex nigra;2,04
Carex nigra;0,77
Carex nigra;0,48
Carex nigra;2,07
Carex nigra;1,77
Carex nigra;1,53
Carex nigra;0,18
Carex nigra;0,84
Carex nigra;1,39
Carex nigra;2,24
Carex nigra;2,80
Carex nigra;4,78
Carex nigra;4,42
Carex nigra;2,49
Carex nigra;4,83
Carex nigra;1,50
Carex nigra;4,02
Carex nigra;2,79
Carex nigra;1,56
Carex nigra;0,25
Carex nigra;2,29
Carex nigra;2,18
Carex nigra;2,59
Carex nigra;0,55
Carex nigra;4,71
Carex nigra;3,76
Carex nigra;4,94
Carex nigra;0,54
Carex nigra;4,73
Carex nigra;2,22
Carex nigra;3,26
Carex nigra;0,38
Carex nigra;0,75
Carex nigra;1,04
Carex nigra;1,30
Carex nigra;3,29
Carex nigra;2,92
Carex nigra;2,68
Carex nigra;4,88
Carex nigra;3,84
Carex nigra;0,08
Carex nigra;0,56
Carex nigra;0,06
Carex nigra;2,87
Carex nigra;9,12
Carex nigra;6,94
Carex nigra;7,95
Carex nigra;9,81
Carex nigra;7,60
Carex nigra;8,12
Carex nigra;6,91
Carex nigra;7,36
Carex nigra;9,38
Carex nigra;7,37
Carex nigra;9,56
Carex nigra;9,05
Carex nigra;8,50
Carex nigra;8,55
Carex nigra;8,77
Carex nigra;8,41
Carex nigra;8,07
Carex nigra;7,90
Carex nigra;5,61
Carex nigra;8,20
Carex nigra;6,97
Carex nigra;5,76
Carex nigra;6,39
Carex nigra;8,68
Carex nigra;5,71
Carex nigra;6,01
Carex nigra;8,52
Carex nigra;7,59
Carex nigra;5,67
Carex nigra;7,42
Carex nigra;8,50
Carex nigra;5,34
Carex nigra;8,96
Carex nigra;8,56
Carex nigra;7,51
Carex nigra;9,09
Carex nigra;8,80
Carex nigra;5,34
Carex nigra;6,05
Carex nigra;5,07
Carex nigra;9,41
Carex nigra;5,31
Carex nigra;8,93
Carex nigra;5,02
Carex nigra;5,97
Carex nigra;7,28
Carex nigra;6,08
Carex nigra;5,80
Carex nigra;6,78
Carex nigra;5,06
Carex nigra;9,78
Carex nigra;8,98
Carex nigra;6,72
Carex nigra;7,41
Carex nigra;8,53
Carex nigra;6,85
Carex nigra;9,77
Carex nigra;6,69
Carex nigra;5,05
Carex nigra;5,30
Carex nigra;6,96
Carex nigra;9,12
Carex nigra;6,69
Carex nigra;9,33
Carex nigra;5,49
Carex nigra;8,52
Carex nigra;5,97
Carex nigra;8,04
Carex nigra;9,05
Carex nigra;7,02
Carex nigra;6,81
Carex nigra;11,61
Carex nigra;17,92
Carex nigra;13,90
Carex nigra;14,33
Carex nigra;19,42
Carex nigra;12,41
Carex nigra;14,25
Carex nigra;14,15
Carex nigra;13,00
Carex nigra;11,42
Carex nigra;12,91
Carex nigra;18,75
Carex nigra;16,50
Carex nigra;12,18
Carex nigra;10,83
Carex nigra;18,10
Carex nigra;14,35
Carex nigra;17,76
Carex nigra;11,26
Carex nigra;16,25
Carex nigra;13,44
Carex nigra;12,58
Carex nigra;19,34
Carex nigra;18,33
Carex nigra;18,80
Carex nigra;10,16
Carex nigra;13,68
Carex nigra;18,00
Carex nigra;12,11
Carex nigra;15,81
Carex nigra;16,82
Carex nigra;14,76
Carex nigra;12,56
Carex nigra;15,72
Carex nigra;18,20
Carex nigra;19,01
Carex nigra;23,21
Carex nigra;22,89
Carex nigra;21,82
Carex nigra;37,25
Carex nigra;23,51
Carex nigra;25,35
Carex nigra;30,26
Carex nigra;38,87
Carex nigra;30,56
Carex nigra;26,43
Carex nigra;38,46
Carex nigra;25,64
Carex nigra;28,79
Carex nigra;34,46
Carex nigra;36,67
Carex nigra;33,09
Carex nigra;39,45
Carex nigra;52,32
Carex nigra;57,29
Carex nigra;51,96
Carex nigra;40,05
Carex nigra;48,43
Carex nigra;56,11
Carex nigra;54,78
