﻿especie;tamanio_m2
Juniperus;8,31756904
Juniperus;1,919765425
Juniperus;8,530826464
Juniperus;1,882113161
Juniperus;6,916557377
Juniperus;2,543396034
Juniperus;9,895226462
Juniperus;5,043762619
Juniperus;4,497655374
Juniperus;3,000006616
Juniperus;7,200512835
Juniperus;8,820253627
Juniperus;4,449363849
Juniperus;5,678958025
Juniperus;9,211668109
Juniperus;0,743145651
Juniperus;1,192135885
Juniperus;0,804413769
Juniperus;8,901237965
Juniperus;3,025835835
Juniperus;7,622024936
Juniperus;4,052982996
Juniperus;2,044963649
Juniperus;5,304474209
Juniperus;4,307852074
Juniperus;6,287740776
Juniperus;8,059524964
Juniperus;123,8195636
Juniperus;43,57935347
Juniperus;29,49109087
Juniperus;93,62647172
Juniperus;23,66745819
Juniperus;124,2073279
Juniperus;70,83340543
Juniperus;60,78145949
Juniperus;137,5738682
Juniperus;101,0943812
Juniperus;40,16410555
Juniperus;131,3769884
Juniperus;72,62889627
Juniperus;119,4328877
Juniperus;80,19823618
Juniperus;119,9318038
Juniperus;131,4325286
Juniperus;137,8734537
Juniperus;46,625944
Juniperus;118,2332661
Juniperus;67,4173091
Juniperus;141,5531997
Juniperus;21,84909835
Juniperus;126,2601501
Juniperus;46,2681006
Juniperus;28,30241366
Juniperus;61,6494427
Juniperus;43,94565344
Juniperus;127,5601952
Juniperus;63,96149293
Juniperus;126,4504398
Juniperus;18,29209959
Juniperus;129,290168
Juniperus;114,1274853
Juniperus;16,29654676
Juniperus;89,72285294
Juniperus;121,2499957
Juniperus;27,76048791
Juniperus;12,69607867
Juniperus;54,4254783
Juniperus;34,6131281
Juniperus;115,7678719
Juniperus;28,8635059
Juniperus;46,67422679
Juniperus;93,51704122
Juniperus;73,00860511
Juniperus;131,6034436
Juniperus;135,1251595
Juniperus;105,0591618
Juniperus;30,29712547
Juniperus;19,93995841
Juniperus;80,53654738
Juniperus;146,6125977
Juniperus;35,68264575
Juniperus;131,6656813
Juniperus;87,6297227
Juniperus;121,8926725
Juniperus;118,4332395
Juniperus;82,90099379
Juniperus;21,69220002
Juniperus;23,21566055
Juniperus;16,60364798
Juniperus;83,06606164
Juniperus;62,84373367
Juniperus;97,29970547
Juniperus;119,4138505
Juniperus;40,74933604
Juniperus;50,37956468
Juniperus;101,1805933
Juniperus;75,73319537
Juniperus;135,7123624
Juniperus;62,66413525
Juniperus;138,9125289
Juniperus;52,02292067
Juniperus;76,48277981
Juniperus;144,3157994
Juniperus;25,65273907
Juniperus;62,6632039
Juniperus;18,79029921
Juniperus;139,7089839
Juniperus;34,83854659
Juniperus;89,91673953
Juniperus;118,7722017
Juniperus;78,52922721
Juniperus;63,03903948
Juniperus;88,10043069
Juniperus;37,45436251
Juniperus;34,42059926
Juniperus;105,5230541
Juniperus;116,0610936
Juniperus;142,1763322
Juniperus;86,86378963
Juniperus;131,8062051
Juniperus;82,34457271
Juniperus;104,5298377
Juniperus;61,55796059
Juniperus;43,26313319
Juniperus;115,5542166
Juniperus;106,3054432
Juniperus;115,8109417
Juniperus;85,30411598
Juniperus;126,5662933
Juniperus;48,28895009
Juniperus;120,8175613
Juniperus;141,6988721
Juniperus;112,4944235
Juniperus;59,95650853
Juniperus;20,4994454
Juniperus;19,01927122
Juniperus;121,8811275
Juniperus;116,9927194
Juniperus;65,81871398
Juniperus;122,2571228
Juniperus;17,48406069
Juniperus;36,26730181
Juniperus;74,77688364
Juniperus;53,54520518
Juniperus;62,55184872
Juniperus;111,2705474
Juniperus;134,5058882
Juniperus;10,48314663
Juniperus;129,2088579
Juniperus;13,2891509
Juniperus;72,42017805
Juniperus;25,73104475
Juniperus;142,6544865
Juniperus;15,79162413
Juniperus;30,99380507
Juniperus;96,19851308
Juniperus;52,06109375
Juniperus;40,79405383
Juniperus;125,0709675
Juniperus;137,6849308
Juniperus;58,07196085
Juniperus;63,32120543
Juniperus;122,3768524
Juniperus;44,08733165
Juniperus;43,21300936
Juniperus;66,69827604
Juniperus;17,42342441
Juniperus;63,13388817
Juniperus;130,6775135
Juniperus;35,31718415
Juniperus;113,403281
Juniperus;55,45210435
Juniperus;134,1621228
Juniperus;26,39009431
Juniperus;43,30704253
Juniperus;71,18916338
Juniperus;54,14546398
Juniperus;22,13943831
Juniperus;38,65884025
Juniperus;71,47542418
Juniperus;39,43011703
Juniperus;85,79702001
Juniperus;76,93924196
Juniperus;143,1104641
Juniperus;99,81757257
Juniperus;108,8241768
Juniperus;62,47378193
Juniperus;118,213644
Juniperus;38,14806062
Juniperus;51,27153289
Juniperus;124,4276993
Juniperus;130,4085995
Juniperus;45,36226232
Juniperus;98,98534425
Juniperus;126,9681912
Juniperus;17,63893755
Juniperus;149,0803521
Juniperus;54,32968494
Juniperus;82,47714506
Juniperus;11,86242219
Juniperus;115,0136718
Juniperus;146,4219448
Juniperus;54,78980928
Juniperus;136,9346631
Juniperus;42,1213251
Juniperus;52,28371912
Juniperus;78,54536647
Juniperus;23,73554332
Juniperus;138,086506
Juniperus;128,6269248
Juniperus;83,88964617
Juniperus;143,3374968
Juniperus;46,55192735
Juniperus;123,7278178
Juniperus;63,77420649
Juniperus;124,476936
Juniperus;48,54791656
Juniperus;121,365422
Juniperus;73,1883823
Juniperus;103,0209673
Juniperus;117,7727703
Juniperus;33,98450665
Juniperus;85,00856664
Juniperus;110,3562487
Juniperus;14,63982937
Juniperus;94,60865577
Juniperus;13,16508455
Juniperus;106,3004958
Juniperus;139,8847563
Juniperus;120,0111984
Juniperus;74,55920952
Juniperus;19,19163238
Juniperus;130,2487706
Juniperus;100,8993346
Juniperus;65,48483944
Juniperus;101,5239467
Juniperus;31,4271551
Juniperus;20,51675652
Juniperus;131,7403141
Juniperus;141,8958147
Juniperus;35,85126199
Juniperus;96,44795298
Juniperus;51,65424281
Juniperus;110,7317174
Juniperus;53,96763863
Juniperus;14,80781856
Juniperus;36,73243168
Juniperus;61,32639479
Juniperus;137,9471543
Juniperus;79,24515559
Juniperus;21,75468112
Juniperus;114,8657453
Juniperus;77,2541219
Juniperus;39,72733513
Juniperus;12,14767904
Juniperus;82,10889197
Juniperus;84,09518021
Juniperus;68,35770521
Juniperus;82,8280572
Juniperus;146,1110863
Juniperus;145,228207
Juniperus;82,56422036
Juniperus;143,5691685
Juniperus;17,05652965
Juniperus;21,20516241
Juniperus;59,1106694
Juniperus;88,26930765
Juniperus;25,32480231
Juniperus;102,667822
Juniperus;113,886749
Juniperus;44,66812078
Juniperus;28,04295336
Juniperus;82,15875656
Juniperus;61,39718387
Juniperus;112,1380352
Juniperus;136,402473
Juniperus;27,39867254
Juniperus;128,5798915
Juniperus;133,3057815
Juniperus;43,3212179
Juniperus;84,88054359
Juniperus;132,0445103
Juniperus;92,41808213
Juniperus;67,2846177
Juniperus;59,17207047
Juniperus;45,43443905
Juniperus;119,3802773
Juniperus;33,78185993
Juniperus;92,55353268
Juniperus;89,47622045
Juniperus;143,8036143
Juniperus;119,9167245
Juniperus;149,4448369
Juniperus;89,13555728
Juniperus;72,5467111
Juniperus;29,61332079
Juniperus;35,05561371
Juniperus;118,7294199
Juniperus;63,09505256
Juniperus;34,28468324
Juniperus;14,11688155
Juniperus;31,66387917
Juniperus;59,87793298
Juniperus;64,04106732
Juniperus;78,36669197
Juniperus;125,9515582
Juniperus;24,25382566
Juniperus;76,43081172
Juniperus;19,10807327
Juniperus;22,09308599
Juniperus;138,4214137
Juniperus;89,99779388
Juniperus;38,31736901
Juniperus;131,5360934
Juniperus;54,34861123
Juniperus;144,0273187
Juniperus;130,6635614
Juniperus;147,3561612
Juniperus;107,0389618
Juniperus;71,41756398
Juniperus;136,5354124
Juniperus;25,32274575
Juniperus;111,7250598
Juniperus;142,3656803
Juniperus;69,82269358
Juniperus;31,86230288
Juniperus;11,15398613
Juniperus;139,1715093
Juniperus;107,9726927
Juniperus;57,72371345
Juniperus;129,993507
Juniperus;149,5743614
Juniperus;47,50946967
Juniperus;82,18408873
Juniperus;52,29274429
Juniperus;83,0475019
Juniperus;82,14983605
Juniperus;15,38961913
Juniperus;113,2864195
Juniperus;111,6923123
Juniperus;18,04676253
Juniperus;80,27441676
Juniperus;132,6631252
Juniperus;21,31088304
Juniperus;28,96836869
Juniperus;62,00055067
Juniperus;42,55336367
Juniperus;66,26140499
Juniperus;138,7857935
Juniperus;85,87233901
Juniperus;77,12594288
Juniperus;23,21114669
Juniperus;94,77879575
Juniperus;144,5473979
Juniperus;29,3672675
Juniperus;127,4379591
Juniperus;57,82492299
Juniperus;48,61639101
Juniperus;82,12088974
Juniperus;133,5750181
Juniperus;143,1830441
Juniperus;116,4339137
Juniperus;28,00320779
Juniperus;136,831982
Juniperus;35,4647205
Juniperus;116,5622774
Juniperus;60,9081217
Juniperus;50,75253511
Juniperus;102,2230786
Juniperus;76,34946035
Juniperus;65,21862829
Juniperus;122,84946
Juniperus;76,47831222
Juniperus;106,417716
Juniperus;134,957436
Juniperus;11,63495916
Juniperus;26,39893103
Juniperus;40,35889858
Juniperus;85,67091067
Juniperus;104,0747774
Juniperus;143,8901897
Juniperus;26,45222594
Juniperus;116,8657095
Juniperus;85,83030036
Juniperus;129,4557587
Juniperus;46,78369626
Juniperus;45,72386594
Juniperus;16,31020045
Juniperus;45,83202848
Juniperus;141,381634
Juniperus;25,55198993
Juniperus;85,52274062
Juniperus;98,98081513
Juniperus;120,6444319
Juniperus;95,75382696
Juniperus;55,66417391
Juniperus;37,53502309
Juniperus;89,84111244
Juniperus;15,45367644
Juniperus;98,74242705
Juniperus;54,35947065
Juniperus;135,8846199
Juniperus;25,42211875
Juniperus;126,9869877
Juniperus;27,95349692
Juniperus;135,9790272
Juniperus;91,13498177
Juniperus;83,58864084
Juniperus;100,6170824
Juniperus;12,4574019
Juniperus;142,8317157
Juniperus;118,4374063
Juniperus;27,76803032
Juniperus;74,07099163
Juniperus;110,9200069
Juniperus;45,07088842
Juniperus;93,79038409
Juniperus;33,11063536
Juniperus;67,0952359
Juniperus;123,4088072
Juniperus;48,59594964
Juniperus;20,43640009
Juniperus;86,32128301
Juniperus;146,4482334
Juniperus;46,63466824
Juniperus;35,48814542
Juniperus;88,07220227
Juniperus;103,8939696
Juniperus;88,33631018
Juniperus;59,47911694
Juniperus;55,18456785
Juniperus;118,5285568
Juniperus;77,51350495
Juniperus;129,0527984
Juniperus;90,02794981
Juniperus;65,70752894
Juniperus;65,75991118
Juniperus;120,8597777
Juniperus;122,3538155
Juniperus;118,3530867
Juniperus;25,13052102
Juniperus;165,7404828
Juniperus;195,9022768
Juniperus;162,050092
Juniperus;302,6310203
Juniperus;281,116944
Juniperus;252,9673473
Juniperus;273,9074597
Juniperus;298,0436983
Juniperus;269,4745363
Juniperus;337,6013322
Juniperus;175,4128793
Juniperus;257,0881467
Juniperus;331,306678
Juniperus;226,9993427
Juniperus;187,1141796
Juniperus;287,537534
Juniperus;172,2792694
Juniperus;231,7810381
Juniperus;308,9929513
Juniperus;199,7518077
Juniperus;347,1034657
Juniperus;160,477864
Juniperus;331,4664137
Juniperus;325,741253
Juniperus;290,505386
Juniperus;263,1924277
Juniperus;320,6975023
Juniperus;291,6513902
Juniperus;331,1595883
Juniperus;345,8533789
Juniperus;210,0576368
Juniperus;325,6593438
Juniperus;266,1724954
Juniperus;263,1107138
Juniperus;217,6710677
Juniperus;158,3711848
Juniperus;237,5312956
Juniperus;236,0766394
Juniperus;216,2163378
Juniperus;152,1918987
Juniperus;240,8177486
Juniperus;195,0958298
Juniperus;240,6294111
Juniperus;209,5059367
Juniperus;220,8212815
Juniperus;233,8397743
Juniperus;209,3957575
Juniperus;158,1913899
Juniperus;158,06314
Juniperus;151,0206087
Juniperus;180,6717473
Juniperus;343,4383304
Juniperus;316,7996874
Juniperus;168,4331061
Juniperus;160,4271156
Juniperus;297,8834502
Juniperus;251,1640462
Juniperus;188,6500384
Juniperus;340,886285
Juniperus;282,4293165
Juniperus;324,1518351
Juniperus;183,5400695
Juniperus;292,8590873
Juniperus;176,556086
Juniperus;321,0908473
Juniperus;225,0847552
Juniperus;177,9618883
Juniperus;297,131825
Juniperus;165,5279064
Juniperus;302,8028011
Juniperus;316,0865952
Juniperus;271,9427865
Juniperus;319,5463462
Juniperus;214,8167707
Juniperus;204,83251
Juniperus;307,9913764
Juniperus;209,9956778
Juniperus;302,6626193
Juniperus;348,9746385
Juniperus;207,9237074
Juniperus;169,7274144
Juniperus;269,7709558
Juniperus;164,0665876
Juniperus;210,7637197
Juniperus;203,6897181
Juniperus;263,6758638
Juniperus;188,0977437
Juniperus;342,0001419
Juniperus;334,3031972
Juniperus;200,9187377
Juniperus;229,9921398
Juniperus;244,7831405
Juniperus;291,5906581
Juniperus;312,2509446
Juniperus;276,5462342
Juniperus;214,9925303
Juniperus;211,5388135
Juniperus;317,8897096
Juniperus;272,4691519
Juniperus;230,7008193
Juniperus;342,7290584
Juniperus;212,8733386
Juniperus;195,4745346
Juniperus;214,2124319
Juniperus;329,4696776
Juniperus;290,2547444
Juniperus;297,3904587
Juniperus;298,4608783
Juniperus;300,3097504
Juniperus;327,1714125
Juniperus;206,3930118
Juniperus;206,4068164
Juniperus;225,0417247
Juniperus;289,7369608
Juniperus;276,4025841
Juniperus;286,348875
Juniperus;339,7847033
Juniperus;239,8560275
Juniperus;181,4979322
Juniperus;287,7992644
Juniperus;280,906236
Juniperus;293,4682026
Juniperus;209,3763771
Juniperus;341,1038387
Juniperus;238,925768
Juniperus;162,18058
Juniperus;162,958307
Juniperus;243,2930468
Juniperus;232,4863041
Juniperus;333,2250466
Juniperus;191,1617797
Juniperus;167,682781
Juniperus;301,1912275
Juniperus;222,176094
Juniperus;164,438436
Juniperus;311,2245444
Juniperus;314,0290053
Juniperus;318,4438828
Juniperus;290,4297511
Juniperus;288,5431707
Juniperus;264,234001
Juniperus;301,0887024
Juniperus;233,877095
Juniperus;221,4971531
Juniperus;293,6563687
Juniperus;161,7745899
Juniperus;176,9247278
Juniperus;338,3723179
Juniperus;212,6340178
Juniperus;217,0926921
Juniperus;191,2281761
Juniperus;267,092678
Juniperus;340,5275864
Juniperus;282,0349572
Juniperus;185,2282427
Juniperus;214,9022312
Juniperus;257,1220613
Juniperus;164,4341556
Juniperus;274,0195707
Juniperus;247,2439662
Juniperus;221,3817201
Juniperus;304,6213747
Juniperus;210,3685126
Juniperus;252,0999793
Juniperus;302,2628497
Juniperus;302,0205957
Juniperus;302,6014359
Juniperus;309,6862991
Juniperus;252,5739509
Juniperus;271,9959145
Juniperus;239,6551725
Juniperus;338,3508554
Juniperus;207,6093328
Juniperus;264,8491172
Juniperus;199,3551578
Juniperus;341,319366
Juniperus;306,4584316
Juniperus;190,9356039
Juniperus;231,3450079
Juniperus;152,254812
Juniperus;248,2687926
Juniperus;330,7206952
Juniperus;193,8618627
Juniperus;157,3027509
Juniperus;223,3133693
Juniperus;281,1330526
Juniperus;168,9145446
Juniperus;289,3736884
Juniperus;291,5999121
Juniperus;181,2581573
Juniperus;260,9887502
Juniperus;323,182907
Juniperus;260,3083399
Juniperus;284,4845754
Juniperus;341,2209564
Juniperus;252,60002
Juniperus;262,9633139
Juniperus;151,7643557
Juniperus;261,0394722
Juniperus;159,6346794
Juniperus;234,3635458
Juniperus;236,9960265
Juniperus;286,952152
Juniperus;198,8540644
Juniperus;236,5116641
Juniperus;330,0734428
Juniperus;236,9069659
Juniperus;262,0457142
Juniperus;326,4219687
Juniperus;330,3509534
Juniperus;347,5486734
Juniperus;331,8470234
Juniperus;264,7013907
Juniperus;236,0849823
Juniperus;217,4047547
Juniperus;183,3461712
Juniperus;309,3750951
Juniperus;212,7293362
Juniperus;299,6371343
Juniperus;308,0279017
Juniperus;220,5491863
Juniperus;184,3616779
Juniperus;198,6475031
Juniperus;262,3822975
Juniperus;235,6413564
Juniperus;273,0168563
Juniperus;252,2819042
Juniperus;221,085464
Juniperus;261,4573813
Juniperus;168,6665118
Juniperus;239,462209
Juniperus;155,167297
Juniperus;151,5018859
Juniperus;253,6491644
Juniperus;245,8332368
Juniperus;286,5623529
Juniperus;302,4404016
Juniperus;217,5971969
Juniperus;319,247104
Juniperus;153,0651524
Juniperus;181,9102986
Juniperus;330,5556606
Juniperus;225,3825405
Juniperus;203,3150154
Juniperus;288,5482438
Juniperus;218,4410791
Juniperus;215,0844148
Juniperus;177,3143866
Juniperus;242,0871772
Juniperus;346,6396007
Juniperus;229,2551799
Juniperus;166,1542724
Juniperus;333,2680284
Juniperus;283,2599366
Juniperus;152,5472534
Juniperus;235,5246224
Juniperus;347,6854473
Juniperus;340,3976155