﻿Clase;tamanio_m2
Juveniles;8,31756904
Juveniles;1,919765425
Juveniles;8,530826464
Juveniles;1,882113161
Juveniles;6,916557377
Juveniles;2,543396034
Juveniles;9,895226462
Juveniles;5,043762619
Juveniles;4,497655374
Juveniles;3,000006616
Juveniles;7,200512835
Juveniles;8,820253627
Juveniles;4,449363849
Juveniles;5,678958025
Juveniles;9,211668109
Juveniles;0,743145651
Juveniles;1,192135885
Juveniles;0,804413769
Juveniles;8,901237965
Juveniles;3,025835835
Juveniles;7,622024936
Juveniles;4,052982996
Juveniles;2,044963649
Juveniles;5,304474209
Juveniles;4,307852074
Juveniles;6,287740776
Juveniles;8,059524964
Reproductores;123,8195636
Reproductores;43,57935347
Reproductores;29,49109087
Reproductores;93,62647172
Reproductores;23,66745819
Reproductores;124,2073279
Reproductores;70,83340543
Reproductores;60,78145949
Reproductores;137,5738682
Reproductores;101,0943812
Reproductores;40,16410555
Reproductores;131,3769884
Reproductores;72,62889627
Reproductores;119,4328877
Reproductores;80,19823618
Reproductores;119,9318038
Reproductores;131,4325286
Reproductores;137,8734537
Reproductores;46,625944
Reproductores;118,2332661
Reproductores;67,4173091
Reproductores;141,5531997
Reproductores;21,84909835
Reproductores;126,2601501
Reproductores;46,2681006
Reproductores;28,30241366
Reproductores;61,6494427
Reproductores;43,94565344
Reproductores;127,5601952
Reproductores;63,96149293
Reproductores;126,4504398
Reproductores;18,29209959
Reproductores;129,290168
Reproductores;114,1274853
Reproductores;16,29654676
Reproductores;89,72285294
Reproductores;121,2499957
Reproductores;27,76048791
Reproductores;12,69607867
Reproductores;54,4254783
Reproductores;34,6131281
Reproductores;115,7678719
Reproductores;28,8635059
Reproductores;46,67422679
Reproductores;93,51704122
Reproductores;73,00860511
Reproductores;131,6034436
Reproductores;135,1251595
Reproductores;105,0591618
Reproductores;30,29712547
Reproductores;19,93995841
Reproductores;80,53654738
Reproductores;146,6125977
Reproductores;35,68264575
Reproductores;131,6656813
Reproductores;87,6297227
Reproductores;121,8926725
Reproductores;118,4332395
Reproductores;82,90099379
Reproductores;21,69220002
Reproductores;23,21566055
Reproductores;16,60364798
Reproductores;83,06606164
Reproductores;62,84373367
Reproductores;97,29970547
Reproductores;119,4138505
Reproductores;40,74933604
Reproductores;50,37956468
Reproductores;101,1805933
Reproductores;75,73319537
Reproductores;135,7123624
Reproductores;62,66413525
Reproductores;138,9125289
Reproductores;52,02292067
Reproductores;76,48277981
Reproductores;144,3157994
Reproductores;25,65273907
Reproductores;62,6632039
Reproductores;18,79029921
Reproductores;139,7089839
Reproductores;34,83854659
Reproductores;89,91673953
Reproductores;118,7722017
Reproductores;78,52922721
Reproductores;63,03903948
Reproductores;88,10043069
Reproductores;37,45436251
Reproductores;34,42059926
Reproductores;105,5230541
Reproductores;116,0610936
Reproductores;142,1763322
Reproductores;86,86378963
Reproductores;131,8062051
Reproductores;82,34457271
Reproductores;104,5298377
Reproductores;61,55796059
Reproductores;43,26313319
Reproductores;115,5542166
Reproductores;106,3054432
Reproductores;115,8109417
Reproductores;85,30411598
Reproductores;126,5662933
Reproductores;48,28895009
Reproductores;120,8175613
Reproductores;141,6988721
Reproductores;112,4944235
Reproductores;59,95650853
Reproductores;20,4994454
Reproductores;19,01927122
Reproductores;121,8811275
Reproductores;116,9927194
Reproductores;65,81871398
Reproductores;122,2571228
Reproductores;17,48406069
Reproductores;36,26730181
Reproductores;74,77688364
Reproductores;53,54520518
Reproductores;62,55184872
Reproductores;111,2705474
Reproductores;134,5058882
Reproductores;10,48314663
Reproductores;129,2088579
Reproductores;13,2891509
Reproductores;72,42017805
Reproductores;25,73104475
Reproductores;142,6544865
Reproductores;15,79162413
Reproductores;30,99380507
Reproductores;96,19851308
Reproductores;52,06109375
Reproductores;40,79405383
Reproductores;125,0709675
Reproductores;137,6849308
Reproductores;58,07196085
Reproductores;63,32120543
Reproductores;122,3768524
Reproductores;44,08733165
Reproductores;43,21300936
Reproductores;66,69827604
Reproductores;17,42342441
Reproductores;63,13388817
Reproductores;130,6775135
Reproductores;35,31718415
Reproductores;113,403281
Reproductores;55,45210435
Reproductores;134,1621228
Reproductores;26,39009431
Reproductores;43,30704253
Reproductores;71,18916338
Reproductores;54,14546398
Reproductores;22,13943831
Reproductores;38,65884025
Reproductores;71,47542418
Reproductores;39,43011703
Reproductores;85,79702001
Reproductores;76,93924196
Reproductores;143,1104641
Reproductores;99,81757257
Reproductores;108,8241768
Reproductores;62,47378193
Reproductores;118,213644
Reproductores;38,14806062
Reproductores;51,27153289
Reproductores;124,4276993
Reproductores;130,4085995
Reproductores;45,36226232
Reproductores;98,98534425
Reproductores;126,9681912
Reproductores;17,63893755
Reproductores;149,0803521
Reproductores;54,32968494
Reproductores;82,47714506
Reproductores;11,86242219
Reproductores;115,0136718
Reproductores;146,4219448
Reproductores;54,78980928
Reproductores;136,9346631
Reproductores;42,1213251
Reproductores;52,28371912
Reproductores;78,54536647
Reproductores;23,73554332
Reproductores;138,086506
Reproductores;128,6269248
Reproductores;83,88964617
Reproductores;143,3374968
Reproductores;46,55192735
Reproductores;123,7278178
Reproductores;63,77420649
Reproductores;124,476936
Reproductores;48,54791656
Reproductores;121,365422
Reproductores;73,1883823
Reproductores;103,0209673
Reproductores;117,7727703
Reproductores;33,98450665
Reproductores;85,00856664
Reproductores;110,3562487
Reproductores;14,63982937
Reproductores;94,60865577
Reproductores;13,16508455
Reproductores;106,3004958
Reproductores;139,8847563
Reproductores;120,0111984
Reproductores;74,55920952
Reproductores;19,19163238
Reproductores;130,2487706
Reproductores;100,8993346
Reproductores;65,48483944
Reproductores;101,5239467
Reproductores;31,4271551
Reproductores;20,51675652
Reproductores;131,7403141
Reproductores;141,8958147
Reproductores;35,85126199
Reproductores;96,44795298
Reproductores;51,65424281
Reproductores;110,7317174
Reproductores;53,96763863
Reproductores;14,80781856
Reproductores;36,73243168
Reproductores;61,32639479
Reproductores;137,9471543
Reproductores;79,24515559
Reproductores;21,75468112
Reproductores;114,8657453
Reproductores;77,2541219
Reproductores;39,72733513
Reproductores;12,14767904
Reproductores;82,10889197
Reproductores;84,09518021
Reproductores;68,35770521
Reproductores;82,8280572
Reproductores;146,1110863
Reproductores;145,228207
Reproductores;82,56422036
Reproductores;143,5691685
Reproductores;17,05652965
Reproductores;21,20516241
Reproductores;59,1106694
Reproductores;88,26930765
Reproductores;25,32480231
Reproductores;102,667822
Reproductores;113,886749
Reproductores;44,66812078
Reproductores;28,04295336
Reproductores;82,15875656
Reproductores;61,39718387
Reproductores;112,1380352
Reproductores;136,402473
Reproductores;27,39867254
Reproductores;128,5798915
Reproductores;133,3057815
Reproductores;43,3212179
Reproductores;84,88054359
Reproductores;132,0445103
Reproductores;92,41808213
Reproductores;67,2846177
Reproductores;59,17207047
Reproductores;45,43443905
Reproductores;119,3802773
Reproductores;33,78185993
Reproductores;92,55353268
Reproductores;89,47622045
Reproductores;143,8036143
Reproductores;119,9167245
Reproductores;149,4448369
Reproductores;89,13555728
Reproductores;72,5467111
Reproductores;29,61332079
Reproductores;35,05561371
Reproductores;118,7294199
Reproductores;63,09505256
Reproductores;34,28468324
Reproductores;14,11688155
Reproductores;31,66387917
Reproductores;59,87793298
Reproductores;64,04106732
Reproductores;78,36669197
Reproductores;125,9515582
Reproductores;24,25382566
Reproductores;76,43081172
Reproductores;19,10807327
Reproductores;22,09308599
Reproductores;138,4214137
Reproductores;89,99779388
Reproductores;38,31736901
Reproductores;131,5360934
Reproductores;54,34861123
Reproductores;144,0273187
Reproductores;130,6635614
Reproductores;147,3561612
Reproductores;107,0389618
Reproductores;71,41756398
Reproductores;136,5354124
Reproductores;25,32274575
Reproductores;111,7250598
Reproductores;142,3656803
Reproductores;69,82269358
Reproductores;31,86230288
Reproductores;11,15398613
Reproductores;139,1715093
Reproductores;107,9726927
Reproductores;57,72371345
Reproductores;129,993507
Reproductores;149,5743614
Reproductores;47,50946967
Reproductores;82,18408873
Reproductores;52,29274429
Reproductores;83,0475019
Reproductores;82,14983605
Reproductores;15,38961913
Reproductores;113,2864195
Reproductores;111,6923123
Reproductores;18,04676253
Reproductores;80,27441676
Reproductores;132,6631252
Reproductores;21,31088304
Reproductores;28,96836869
Reproductores;62,00055067
Reproductores;42,55336367
Reproductores;66,26140499
Reproductores;138,7857935
Reproductores;85,87233901
Reproductores;77,12594288
Reproductores;23,21114669
Reproductores;94,77879575
Reproductores;144,5473979
Reproductores;29,3672675
Reproductores;127,4379591
Reproductores;57,82492299
Reproductores;48,61639101
Reproductores;82,12088974
Reproductores;133,5750181
Reproductores;143,1830441
Reproductores;116,4339137
Reproductores;28,00320779
Reproductores;136,831982
Reproductores;35,4647205
Reproductores;116,5622774
Reproductores;60,9081217
Reproductores;50,75253511
Reproductores;102,2230786
Reproductores;76,34946035
Reproductores;65,21862829
Reproductores;122,84946
Reproductores;76,47831222
Reproductores;106,417716
Reproductores;134,957436
Reproductores;11,63495916
Reproductores;26,39893103
Reproductores;40,35889858
Reproductores;85,67091067
Reproductores;104,0747774
Reproductores;143,8901897
Reproductores;26,45222594
Reproductores;116,8657095
Reproductores;85,83030036
Reproductores;129,4557587
Reproductores;46,78369626
Reproductores;45,72386594
Reproductores;16,31020045
Reproductores;45,83202848
Reproductores;141,381634
Reproductores;25,55198993
Reproductores;85,52274062
Reproductores;98,98081513
Reproductores;120,6444319
Reproductores;95,75382696
Reproductores;55,66417391
Reproductores;37,53502309
Reproductores;89,84111244
Reproductores;15,45367644
Reproductores;98,74242705
Reproductores;54,35947065
Reproductores;135,8846199
Reproductores;25,42211875
Reproductores;126,9869877
Reproductores;27,95349692
Reproductores;135,9790272
Reproductores;91,13498177
Reproductores;83,58864084
Reproductores;100,6170824
Reproductores;12,4574019
Reproductores;142,8317157
Reproductores;118,4374063
Reproductores;27,76803032
Reproductores;74,07099163
Reproductores;110,9200069
Reproductores;45,07088842
Reproductores;93,79038409
Reproductores;33,11063536
Reproductores;67,0952359
Reproductores;123,4088072
Reproductores;48,59594964
Reproductores;20,43640009
Reproductores;86,32128301
Reproductores;146,4482334
Reproductores;46,63466824
Reproductores;35,48814542
Reproductores;88,07220227
Reproductores;103,8939696
Reproductores;88,33631018
Reproductores;59,47911694
Reproductores;55,18456785
Reproductores;118,5285568
Reproductores;77,51350495
Reproductores;129,0527984
Reproductores;90,02794981
Reproductores;65,70752894
Reproductores;65,75991118
Reproductores;120,8597777
Reproductores;122,3538155
Reproductores;118,3530867
Reproductores;25,13052102
Senescentes;165,7404828
Senescentes;195,9022768
Senescentes;162,050092
Senescentes;302,6310203
Senescentes;281,116944
Senescentes;252,9673473
Senescentes;273,9074597
Senescentes;298,0436983
Senescentes;269,4745363
Senescentes;337,6013322
Senescentes;175,4128793
Senescentes;257,0881467
Senescentes;331,306678
Senescentes;226,9993427
Senescentes;187,1141796
Senescentes;287,537534
Senescentes;172,2792694
Senescentes;231,7810381
Senescentes;308,9929513
Senescentes;199,7518077
Senescentes;347,1034657
Senescentes;160,477864
Senescentes;331,4664137
Senescentes;325,741253
Senescentes;290,505386
Senescentes;263,1924277
Senescentes;320,6975023
Senescentes;291,6513902
Senescentes;331,1595883
Senescentes;345,8533789
Senescentes;210,0576368
Senescentes;325,6593438
Senescentes;266,1724954
Senescentes;263,1107138
Senescentes;217,6710677
Senescentes;158,3711848
Senescentes;237,5312956
Senescentes;236,0766394
Senescentes;216,2163378
Senescentes;152,1918987
Senescentes;240,8177486
Senescentes;195,0958298
Senescentes;240,6294111
Senescentes;209,5059367
Senescentes;220,8212815
Senescentes;233,8397743
Senescentes;209,3957575
Senescentes;158,1913899
Senescentes;158,06314
Senescentes;151,0206087
Senescentes;180,6717473
Senescentes;343,4383304
Senescentes;316,7996874
Senescentes;168,4331061
Senescentes;160,4271156
Senescentes;297,8834502
Senescentes;251,1640462
Senescentes;188,6500384
Senescentes;340,886285
Senescentes;282,4293165
Senescentes;324,1518351
Senescentes;183,5400695
Senescentes;292,8590873
Senescentes;176,556086
Senescentes;321,0908473
Senescentes;225,0847552
Senescentes;177,9618883
Senescentes;297,131825
Senescentes;165,5279064
Senescentes;302,8028011
Senescentes;316,0865952
Senescentes;271,9427865
Senescentes;319,5463462
Senescentes;214,8167707
Senescentes;204,83251
Senescentes;307,9913764
Senescentes;209,9956778
Senescentes;302,6626193
Senescentes;348,9746385
Senescentes;207,9237074
Senescentes;169,7274144
Senescentes;269,7709558
Senescentes;164,0665876
Senescentes;210,7637197
Senescentes;203,6897181
Senescentes;263,6758638
Senescentes;188,0977437
Senescentes;342,0001419
Senescentes;334,3031972
Senescentes;200,9187377
Senescentes;229,9921398
Senescentes;244,7831405
Senescentes;291,5906581
Senescentes;312,2509446
Senescentes;276,5462342
Senescentes;214,9925303
Senescentes;211,5388135
Senescentes;317,8897096
Senescentes;272,4691519
Senescentes;230,7008193
Senescentes;342,7290584
Senescentes;212,8733386
Senescentes;195,4745346
Senescentes;214,2124319
Senescentes;329,4696776
Senescentes;290,2547444
Senescentes;297,3904587
Senescentes;298,4608783
Senescentes;300,3097504
Senescentes;327,1714125
Senescentes;206,3930118
Senescentes;206,4068164
Senescentes;225,0417247
Senescentes;289,7369608
Senescentes;276,4025841
Senescentes;286,348875
Senescentes;339,7847033
Senescentes;239,8560275
Senescentes;181,4979322
Senescentes;287,7992644
Senescentes;280,906236
Senescentes;293,4682026
Senescentes;209,3763771
Senescentes;341,1038387
Senescentes;238,925768
Senescentes;162,18058
Senescentes;162,958307
Senescentes;243,2930468
Senescentes;232,4863041
Senescentes;333,2250466
Senescentes;191,1617797
Senescentes;167,682781
Senescentes;301,1912275
Senescentes;222,176094
Senescentes;164,438436
Senescentes;311,2245444
Senescentes;314,0290053
Senescentes;318,4438828
Senescentes;290,4297511
Senescentes;288,5431707
Senescentes;264,234001
Senescentes;301,0887024
Senescentes;233,877095
Senescentes;221,4971531
Senescentes;293,6563687
Senescentes;161,7745899
Senescentes;176,9247278
Senescentes;338,3723179
Senescentes;212,6340178
Senescentes;217,0926921
Senescentes;191,2281761
Senescentes;267,092678
Senescentes;340,5275864
Senescentes;282,0349572
Senescentes;185,2282427
Senescentes;214,9022312
Senescentes;257,1220613
Senescentes;164,4341556
Senescentes;274,0195707
Senescentes;247,2439662
Senescentes;221,3817201
Senescentes;304,6213747
Senescentes;210,3685126
Senescentes;252,0999793
Senescentes;302,2628497
Senescentes;302,0205957
Senescentes;302,6014359
Senescentes;309,6862991
Senescentes;252,5739509
Senescentes;271,9959145
Senescentes;239,6551725
Senescentes;338,3508554
Senescentes;207,6093328
Senescentes;264,8491172
Senescentes;199,3551578
Senescentes;341,319366
Senescentes;306,4584316
Senescentes;190,9356039
Senescentes;231,3450079
Senescentes;152,254812
Senescentes;248,2687926
Senescentes;330,7206952
Senescentes;193,8618627
Senescentes;157,3027509
Senescentes;223,3133693
Senescentes;281,1330526
Senescentes;168,9145446
Senescentes;289,3736884
Senescentes;291,5999121
Senescentes;181,2581573
Senescentes;260,9887502
Senescentes;323,182907
Senescentes;260,3083399
Senescentes;284,4845754
Senescentes;341,2209564
Senescentes;252,60002
Senescentes;262,9633139
Senescentes;151,7643557
Senescentes;261,0394722
Senescentes;159,6346794
Senescentes;234,3635458
Senescentes;236,9960265
Senescentes;286,952152
Senescentes;198,8540644
Senescentes;236,5116641
Senescentes;330,0734428
Senescentes;236,9069659
Senescentes;262,0457142
Senescentes;326,4219687
Senescentes;330,3509534
Senescentes;347,5486734
Senescentes;331,8470234
Senescentes;264,7013907
Senescentes;236,0849823
Senescentes;217,4047547
Senescentes;183,3461712
Senescentes;309,3750951
Senescentes;212,7293362
Senescentes;299,6371343
Senescentes;308,0279017
Senescentes;220,5491863
Senescentes;184,3616779
Senescentes;198,6475031
Senescentes;262,3822975
Senescentes;235,6413564
Senescentes;273,0168563
Senescentes;252,2819042
Senescentes;221,085464
Senescentes;261,4573813
Senescentes;168,6665118
Senescentes;239,462209
Senescentes;155,167297
Senescentes;151,5018859
Senescentes;253,6491644
Senescentes;245,8332368
Senescentes;286,5623529
Senescentes;302,4404016
Senescentes;217,5971969
Senescentes;319,247104
Senescentes;153,0651524
Senescentes;181,9102986
Senescentes;330,5556606
Senescentes;225,3825405
Senescentes;203,3150154
Senescentes;288,5482438
Senescentes;218,4410791
Senescentes;215,0844148
Senescentes;177,3143866
Senescentes;242,0871772
Senescentes;346,6396007
Senescentes;229,2551799
Senescentes;166,1542724
Senescentes;333,2680284
Senescentes;283,2599366
Senescentes;152,5472534
Senescentes;235,5246224
Senescentes;347,6854473
Senescentes;340,3976155