Especie,Altura (m)
Rosmarinus officinalis,0.21
Rosmarinus officinalis,0.22
Rosmarinus officinalis,0.22
Rosmarinus officinalis,0.23
Rosmarinus officinalis,0.23
Rosmarinus officinalis,0.24
Rosmarinus officinalis,0.24
Rosmarinus officinalis,0.25
Rosmarinus officinalis,0.25
Rosmarinus officinalis,0.25
Rosmarinus officinalis,0.26
Rosmarinus officinalis,0.26
Rosmarinus officinalis,0.26
Rosmarinus officinalis,0.27
Rosmarinus officinalis,0.27
Rosmarinus officinalis,0.27
Rosmarinus officinalis,0.28
Rosmarinus officinalis,0.28
Rosmarinus officinalis,0.28
Rosmarinus officinalis,0.29
Rosmarinus officinalis,0.29
Rosmarinus officinalis,0.29
Rosmarinus officinalis,0.30
Rosmarinus officinalis,0.30
Rosmarinus officinalis,0.30
Rosmarinus officinalis,0.31
Rosmarinus officinalis,0.31
Rosmarinus officinalis,0.31
Rosmarinus officinalis,0.32
Rosmarinus officinalis,0.32
Rosmarinus officinalis,0.32
Rosmarinus officinalis,0.33
Rosmarinus officinalis,0.33
Rosmarinus officinalis,0.33
Rosmarinus officinalis,0.34
Rosmarinus officinalis,0.34
Rosmarinus officinalis,0.34
Rosmarinus officinalis,0.35
Rosmarinus officinalis,0.35
Rosmarinus officinalis,0.35
Rosmarinus officinalis,0.36
Rosmarinus officinalis,0.36
Rosmarinus officinalis,0.36
Rosmarinus officinalis,0.37
Rosmarinus officinalis,0.37
Rosmarinus officinalis,0.37
Rosmarinus officinalis,0.38
Rosmarinus officinalis,0.38
Rosmarinus officinalis,0.38
Rosmarinus officinalis,0.39
Rosmarinus officinalis,0.39
Rosmarinus officinalis,0.39
Rosmarinus officinalis,0.40
Rosmarinus officinalis,0.40
Rosmarinus officinalis,0.40
Rosmarinus officinalis,0.41
Rosmarinus officinalis,0.41
Rosmarinus officinalis,0.41
Rosmarinus officinalis,0.42
Rosmarinus officinalis,0.42
Rosmarinus officinalis,0.42
Rosmarinus officinalis,0.43
Rosmarinus officinalis,0.43
Rosmarinus officinalis,0.43
Rosmarinus officinalis,0.44
Rosmarinus officinalis,0.44
Rosmarinus officinalis,0.44
Rosmarinus officinalis,0.45
Rosmarinus officinalis,0.45
Rosmarinus officinalis,0.45
Rosmarinus officinalis,0.46
Rosmarinus officinalis,0.46
Rosmarinus officinalis,0.46
Rosmarinus officinalis,0.47
Rosmarinus officinalis,0.47
Rosmarinus officinalis,0.47
Rosmarinus officinalis,0.48
Rosmarinus officinalis,0.48
Rosmarinus officinalis,0.48
Rosmarinus officinalis,0.49
Rosmarinus officinalis,0.49
Rosmarinus officinalis,0.49
Rosmarinus officinalis,0.50
Rosmarinus officinalis,0.50
Rosmarinus officinalis,0.50
Rosmarinus officinalis,0.51
Rosmarinus officinalis,0.51
Rosmarinus officinalis,0.51
Rosmarinus officinalis,0.52
Rosmarinus officinalis,0.52
Rosmarinus officinalis,0.52
Rosmarinus officinalis,0.53
Rosmarinus officinalis,0.53
Rosmarinus officinalis,0.53
Rosmarinus officinalis,0.54
Rosmarinus officinalis,0.54
Rosmarinus officinalis,0.54
Rosmarinus officinalis,0.55
Rosmarinus officinalis,0.55
Rosmarinus officinalis,0.55
Rosmarinus officinalis,0.56
Rosmarinus officinalis,0.56
Rosmarinus officinalis,0.56
Rosmarinus officinalis,0.57
Rosmarinus officinalis,0.57
Rosmarinus officinalis,0.57
Rosmarinus officinalis,0.58
Rosmarinus officinalis,0.58
Rosmarinus officinalis,0.58
Rosmarinus officinalis,0.59
Rosmarinus officinalis,0.59
Rosmarinus officinalis,0.59
Rosmarinus officinalis,0.60
Rosmarinus officinalis,0.60
Rosmarinus officinalis,0.60
Rosmarinus officinalis,0.61
Rosmarinus officinalis,0.61
Rosmarinus officinalis,0.61
Rosmarinus officinalis,0.62
Rosmarinus officinalis,0.62
Rosmarinus officinalis,0.62
Rosmarinus officinalis,0.63
Rosmarinus officinalis,0.63
Rosmarinus officinalis,0.63
Rosmarinus officinalis,0.64
Rosmarinus officinalis,0.64
Rosmarinus officinalis,0.64
Rosmarinus officinalis,0.65
Rosmarinus officinalis,0.65
Rosmarinus officinalis,0.65
Rosmarinus officinalis,0.66
Rosmarinus officinalis,0.66
Rosmarinus officinalis,0.66
Rosmarinus officinalis,0.67
Rosmarinus officinalis,0.67
Rosmarinus officinalis,0.67
Rosmarinus officinalis,0.68
Rosmarinus officinalis,0.68
Rosmarinus officinalis,0.68
Rosmarinus officinalis,0.69
Rosmarinus officinalis,0.69
Rosmarinus officinalis,0.69
Rosmarinus officinalis,0.70
Rosmarinus officinalis,0.70
Rosmarinus officinalis,0.70
Rosmarinus officinalis,0.71
Rosmarinus officinalis,0.71
Rosmarinus officinalis,0.71
Rosmarinus officinalis,0.72
Rosmarinus officinalis,0.72
Rosmarinus officinalis,0.72
Rosmarinus officinalis,0.73
Rosmarinus officinalis,0.73
Rosmarinus officinalis,0.73
Rosmarinus officinalis,0.74
Rosmarinus officinalis,0.74
Rosmarinus officinalis,0.74
Rosmarinus officinalis,0.75
Rosmarinus officinalis,0.75
Rosmarinus officinalis,0.75
Rosmarinus officinalis,0.76
Rosmarinus officinalis,0.76
Rosmarinus officinalis,0.76
Rosmarinus officinalis,0.77
Rosmarinus officinalis,0.77
Rosmarinus officinalis,0.77
Rosmarinus officinalis,0.78
Rosmarinus officinalis,0.78
Rosmarinus officinalis,0.78
Rosmarinus officinalis,0.79
Rosmarinus officinalis,0.79
Rosmarinus officinalis,0.79
Rosmarinus officinalis,0.80
Rosmarinus officinalis,0.80
Rosmarinus officinalis,0.80
Rosmarinus officinalis,0.81
Rosmarinus officinalis,0.81
Rosmarinus officinalis,0.81
Rosmarinus officinalis,0.82
Rosmarinus officinalis,0.82
Rosmarinus officinalis,0.82
Rosmarinus officinalis,0.83
Rosmarinus officinalis,0.83
Rosmarinus officinalis,0.83
Rosmarinus officinalis,0.84
Rosmarinus officinalis,0.84
Rosmarinus officinalis,0.84
Rosmarinus officinalis,0.85
Rosmarinus officinalis,0.85
Rosmarinus officinalis,0.85
Rosmarinus officinalis,0.86
Rosmarinus officinalis,0.86
Rosmarinus officinalis,0.86
Rosmarinus officinalis,0.87
Rosmarinus officinalis,0.87
Rosmarinus officinalis,0.87
Rosmarinus officinalis,0.88
Rosmarinus officinalis,0.88
Rosmarinus officinalis,0.88
Rosmarinus officinalis,0.89
Rosmarinus officinalis,0.89
Rosmarinus officinalis,0.89
Rosmarinus officinalis,0.90
Rosmarinus officinalis,0.90
Rosmarinus officinalis,0.90
Rosmarinus officinalis,0.91
Rosmarinus officinalis,0.91
Rosmarinus officinalis,0.91
Rosmarinus officinalis,0.92
Rosmarinus officinalis,0.92
Rosmarinus officinalis,0.92
Rosmarinus officinalis,0.93
Rosmarinus officinalis,0.93
Rosmarinus officinalis,0.93
Rosmarinus officinalis,0.94
Rosmarinus officinalis,0.94
Rosmarinus officinalis,0.94
Rosmarinus officinalis,0.95
Rosmarinus officinalis,0.95
Rosmarinus officinalis,0.95
Rosmarinus officinalis,0.96
Rosmarinus officinalis,0.96
Rosmarinus officinalis,0.96
Rosmarinus officinalis,0.97
Rosmarinus officinalis,0.97
Rosmarinus officinalis,0.97
Rosmarinus officinalis,0.98
Rosmarinus officinalis,0.98
Rosmarinus officinalis,0.98
Rosmarinus officinalis,0.99
Rosmarinus officinalis,0.99
Rosmarinus officinalis,0.99
Rosmarinus officinalis,1.00
Rosmarinus officinalis,1.00
Rosmarinus officinalis,1.00
Rosmarinus officinalis,1.01
Rosmarinus officinalis,1.01
Rosmarinus officinalis,1.01
Rosmarinus officinalis,1.02
Rosmarinus officinalis,1.02
Rosmarinus officinalis,1.02
Rosmarinus officinalis,1.03
Rosmarinus officinalis,1.03
Rosmarinus officinalis,1.03
Rosmarinus officinalis,1.04
Rosmarinus officinalis,1.04
Rosmarinus officinalis,1.04
Rosmarinus officinalis,1.05
Rosmarinus officinalis,1.05
Rosmarinus officinalis,1.05
Rosmarinus officinalis,1.06
Rosmarinus officinalis,1.06
Rosmarinus officinalis,1.06
Rosmarinus officinalis,1.07
Rosmarinus officinalis,1.07
Rosmarinus officinalis,1.07
Rosmarinus officinalis,1.08
Rosmarinus officinalis,1.08
Rosmarinus officinalis,1.08
Rosmarinus officinalis,1.09
Rosmarinus officinalis,1.09
Rosmarinus officinalis,1.09
Rosmarinus officinalis,1.10
Rosmarinus officinalis,1.10
Rosmarinus officinalis,1.10
Rosmarinus officinalis,1.11
Rosmarinus officinalis,1.11
Rosmarinus officinalis,1.11
Rosmarinus officinalis,1.12
Rosmarinus officinalis,1.12
Rosmarinus officinalis,1.12
Rosmarinus officinalis,1.13
Rosmarinus officinalis,1.13
Rosmarinus officinalis,1.13
Rosmarinus officinalis,1.14
Rosmarinus officinalis,1.14
Rosmarinus officinalis,1.14
Rosmarinus officinalis,1.15
Rosmarinus officinalis,1.15
Rosmarinus officinalis,1.15
Rosmarinus officinalis,1.16
Rosmarinus officinalis,1.16
Rosmarinus officinalis,1.16
Rosmarinus officinalis,1.17
Rosmarinus officinalis,1.17
Rosmarinus officinalis,1.17
Rosmarinus officinalis,1.18
Rosmarinus officinalis,1.18
Rosmarinus officinalis,1.18
Rosmarinus officinalis,1.19
Rosmarinus officinalis,1.19
Rosmarinus officinalis,1.19
Rosmarinus officinalis,1.20
Rosmarinus officinalis,1.20
Rosmarinus officinalis,1.20
Rosmarinus officinalis,1.22
Rosmarinus officinalis,1.22
Rosmarinus officinalis,1.22
Rosmarinus officinalis,1.24
Rosmarinus officinalis,1.24
Rosmarinus officinalis,1.24
Rosmarinus officinalis,1.26
Rosmarinus officinalis,1.26
Rosmarinus officinalis,1.26
Rosmarinus officinalis,1.28
Rosmarinus officinalis,1.28
Rosmarinus officinalis,1.28
Rosmarinus officinalis,1.30
Rosmarinus officinalis,1.30
Rosmarinus officinalis,1.30
Rosmarinus officinalis,1.32
Rosmarinus officinalis,1.32
Rosmarinus officinalis,1.32
Rosmarinus officinalis,1.34
Rosmarinus officinalis,1.34
Rosmarinus officinalis,1.34
Rosmarinus officinalis,1.36
Rosmarinus officinalis,1.36
Rosmarinus officinalis,1.36
Rosmarinus officinalis,1.38
Rosmarinus officinalis,1.38
Rosmarinus officinalis,1.38
Rosmarinus officinalis,1.40
Rosmarinus officinalis,1.40
Rosmarinus officinalis,1.40
Rosmarinus officinalis,1.42
Rosmarinus officinalis,1.42
Rosmarinus officinalis,1.42
Rosmarinus officinalis,1.44
Rosmarinus officinalis,1.44
Rosmarinus officinalis,1.44
Rosmarinus officinalis,1.46
Rosmarinus officinalis,1.46
Rosmarinus officinalis,1.46
Rosmarinus officinalis,1.48
Rosmarinus officinalis,1.48
Rosmarinus officinalis,1.48
Rosmarinus officinalis,1.50
Rosmarinus officinalis,1.50
Rosmarinus officinalis,1.50
Rosmarinus officinalis,1.52
Rosmarinus officinalis,1.52
Rosmarinus officinalis,1.52
Rosmarinus officinalis,1.54
Rosmarinus officinalis,1.54
Rosmarinus officinalis,1.54
Rosmarinus officinalis,1.56
Rosmarinus officinalis,1.56
Rosmarinus officinalis,1.56
Rosmarinus officinalis,1.58
Rosmarinus officinalis,1.58
Rosmarinus officinalis,1.58
Rosmarinus officinalis,1.60
Rosmarinus officinalis,1.60
Rosmarinus officinalis,1.60
Rosmarinus officinalis,1.62
Rosmarinus officinalis,1.62
Rosmarinus officinalis,1.62
Rosmarinus officinalis,1.64
Rosmarinus officinalis,1.64
Rosmarinus officinalis,1.64
Rosmarinus officinalis,1.68
Rosmarinus officinalis,1.68
Rosmarinus officinalis,1.68
Rosmarinus officinalis,1.72
Rosmarinus officinalis,1.72
Rosmarinus officinalis,1.72
Rosmarinus officinalis,1.76
Rosmarinus officinalis,1.76
Rosmarinus officinalis,1.76
Rosmarinus officinalis,1.80
Rosmarinus officinalis,1.80
Rosmarinus officinalis,1.80
Rosmarinus officinalis,1.85
Rosmarinus officinalis,1.85
Rosmarinus officinalis,1.90
Rosmarinus officinalis,1.90
Rosmarinus officinalis,1.95
Rosmarinus officinalis,2.00
